instance, nVertices, nEdges, avTime, avMemory, avmaxLenBefore, avmaxDegBefore, avmaxLenAfter, avmaxDegAfter, hvTime, hvMemory, hvmaxLenBefore, hvmaxDegBefore, hvmaxLenAfter, hvmaxDegAfter, lvTime, lvMemory, lvTrials, lvTimeA, lvMemoryA, lvTimeB, lvMemory, lvmaxLenBefore, lvmaxDegBefore, lvmaxLenAfter, lvmaxDegAfter, avfTime, avfMemory, avfmaxLenBefore, avfmaxDegBefore, avfmaxLenAfter, avfmaxDegAfter, hvfTime, hvfMemory, hvfmaxLenBefore, hvfmaxDegBefore, hvfmaxLenAfter, hvfmaxDegAfter, lvfTime, lvfMemory, lvfTrials, lvfTimeA, lvfMemoryA, lvfTimeB, lvfMemory, lvfmaxLenBefore, lvfmaxDegBefore, lvfmaxLenAfter, lvfmaxDegAfter
$K_{32}$, 5, 6, 5.623068e7, 2.0, 2.0, 184.0, 7.0, 819344.0, 2.0, 2.0, 8.0, 5.0, 0.033615116, 2921000, 1, 4.3521e-5, 110712, 0.016746875, 1213792, n/a, n/a, n/a, n/a, 6.58272e6, 2.0, 2.0, 2.0, 2.0, 756632.0, 2.0, 2.0, 1.0, 0.0, 0.033699025, 2920984, 1, 4.1719e-5, 110696, 0.016811016, 1213792, n/a, n/a, n/a, n/a
$K_{23}$, 5, 6, 6.7577512e7, 2.0, 2.0, 184.0, 7.0, 900872.0, 2.0, 2.0, 6.0, 4.0, 0.033266984, 2921000, 1, 4.2159e-5, 110712, 0.016549334, 1213792, n/a, n/a, n/a, n/a, 8.150848e6, 2.0, 2.0, 2.0, 2.0, 825920.0, 2.0, 2.0, 1.0, 1.0, 0.033456769, 2921208, 1, 4.3572e-5, 110920, 0.016626529, 1213792, n/a, n/a, n/a, n/a
$K_{33}$, 6, 9, 1.305676272e9, 2.0, 2.0, 1392.0, 10.0, 6.275344e6, 2.0, 2.0, 22.0, 6.0, 0.054617647, 5242304, 1, 7.2175e-5, 243088, 0.037657672, 3401696, 1, 1, 2, 2, 1.04283648e8, 2.0, 2.0, 2.0, 2.0, 7.396712e6, 2.0, 2.0, 1.0, 1.0, 0.055939289, 5588192, 1, 6.9851e-5, 243056, 0.038683008, 3747616, 1, 1, 1, 0
$K_{42}$, 6, 8, 7.77140824e8, 2.0, 2.0, 1080.0, 8.0, 2.112592e6, 2.0, 2.0, 16.0, 6.0, 0.042773189, 3692624, 1, 6.2818e-5, 216728, 0.025376211, 1878376, n/a, n/a, n/a, n/a, 5.7223984e7, 2.0, 2.0, 2.0, 2.0, 2.179912e6, 2.0, 2.0, 1.0, 0.0, 0.041828463, 3692608, 1, 6.6966e-5, 216712, 0.025155997, 1878376, n/a, n/a, n/a, n/a
$K_{24}$, 6, 8, 1.309074672e9, 2.0, 2.0, 1080.0, 8.0, 2.77484e6, 2.0, 2.0, 8.0, 5.0, 0.04386523, 3692496, 1, 6.8258e-5, 216600, 0.025802693, 1878376, n/a, n/a, n/a, n/a, 9.2541224e7, 2.0, 2.0, 2.0, 2.0, 3.042096e6, 2.0, 2.0, 2.0, 2.0, 0.041881922, 3692496, 1, 6.8358e-5, 216600, 0.025081335, 1878376, n/a, n/a, n/a, n/a
$K_{43}$, 7, 12, 6.9040376712e10, 2.0, 2.0, 10128.0, 11.0, 4.4888376e7, 2.0, 2.0, 70.0, 7.0, 0.075692616, 7491248, 1, 0.000113182, 448352, 0.058449298, 5444272, 1, 1, 2, 2, 3.375170488e9, 2.0, 2.0, 2.0, 2.0, 4.7566688e7, 2.0, 2.0, 1.0, 1.0, 0.07481618, 8286896, 1, 0.000105057, 448320, 0.057860283, 6239952, 1, 1, 1, 0
$K_{34}$, 7, 12, 7.6679307576e10, 2.0, 2.0, 10128.0, 11.0, 4.975252e7, 2.0, 2.0, 36.0, 6.0, 0.074629504, 7615328, 1, 0.000112922, 448304, 0.057610089, 5568400, 1, 1, 2, 2, 3.98986836e9, 2.0, 2.0, 2.0, 2.0, 5.197692e7, 2.0, 2.0, 1.0, 2.0, 0.086519026, 9070744, 1, 0.000107381, 448384, 0.06957831, 7023736, 1, 1, 1, 0
$K_{44}$, 8, 16, oom, oom, oom, oom, oom, oom, 3.24573112e8, 2.0, 2.0, 240.0, 8.0, 0.103552333, 12960568, 1, 0.000183905, 789824, 0.08668685, 10570744, 1, 1, 14, 6, 2.05961478256e11, 2.0, 2.0, 2.0, 2.0, 3.54968576e8, 2.0, 2.0, 1.0, 1.0, 0.104798112, 15402528, 1, 0.0001757, 790480, 0.087787352, 13012048, 1, 1, 1, 0
$K_{52}$, 7, 10, 3.5369990336e10, 2.0, 2.0, 7344.0, 9.0, 6.154704e6, 2.0, 2.0, 32.0, 7.0, 0.051409772, 4514056, 1, 9.2884e-5, 374728, 0.034715024, 2540704, n/a, n/a, n/a, n/a, 1.562048056e9, 2.0, 2.0, 2.0, 2.0, 7.780336e6, 2.0, 2.0, 1.0, 0.0, 0.051870978, 4514200, 1, 9.2052e-5, 374872, 0.035008375, 2540704, n/a, n/a, n/a, n/a
$K_{25}$, 7, 10, 6.0963112792e10, 2.0, 2.0, 7344.0, 9.0, 1.0830568e7, 2.0, 2.0, 8.0, 5.0, 0.051964581, 4514040, 1, 0.000109826, 374712, 0.035111943, 2540704, n/a, n/a, n/a, n/a, 3.339380568e9, 2.0, 2.0, 2.0, 2.0, 1.1976496e7, 2.0, 2.0, 2.0, 2.0, 0.052819887, 4513992, 1, 0.000102242, 374664, 0.035714847, 2540704, n/a, n/a, n/a, n/a
$K_{53}$, 8, 15, oom, oom, oom, oom, oom, oom, 2.23480008e8, 2.0, 2.0, 214.0, 8.0, 0.096305377, 10024736, 1, 0.000171833, 741104, 0.079183942, 7683632, 1, 1, 2, 2, 1.41709519992e11, 2.0, 2.0, 2.0, 2.0, 2.09809152e8, 2.0, 2.0, 1.0, 1.0, 0.097145721, 12292072, 1, 0.000164729, 741696, 0.08004364, 9950376, 1, 1, 1, 0
$K_{35}$, 8, 15, oom, oom, oom, oom, oom, oom, 2.60125752e8, 2.0, 2.0, 66.0, 7.0, 0.098457039, 10281088, 1, 0.000178605, 741472, 0.081002482, 7939616, 1, 1, 2, 2, 2.16671014464e11, 2.0, 2.0, 2.0, 2.0, 2.46409344e8, 2.0, 2.0, 2.0, 2.0, 0.097598555, 12391904, 1, 0.000190577, 741712, 0.08046432, 10050192, 1, 1, 1, 0
$K_{54}$, 9, 20, oom, oom, oom, oom, oom, oom, 1.844669304e9, 2.0, 2.0, 1068.0, 9.0, 0.145179695, 17198400, 1, 0.000286107, 1263168, 0.128056455, 14331560, 1, 1, 6, 4, oom, oom, oom, oom, oom, oom, 2.161841104e9, 2.0, 2.0, 1.0, 1.0, 0.151874412, 26996320, 1, 0.000284233, 1263424, 0.134589776, 24129224, 1, 1, 1, 0
$K_{45}$, 9, 20, oom, oom, oom, oom, oom, oom, 1.884735632e9, 2.0, 2.0, 480.0, 8.0, 0.148739437, 25678064, 1, 0.000315622, 1263696, 0.13112435, 22810696, 1, 1, 24, 7, oom, oom, oom, oom, oom, oom, 2.143110392e9, 2.0, 2.0, 1.0, 2.0, 0.153080472, 30894136, 1, 0.000301947, 1263168, 0.135359681, 28027296, 1, 1, 1, 0
$K_{55}$, 10, 25, oom, oom, oom, oom, oom, oom, 1.1690741456e10, 2.0, 2.0, 4404.0, 10.0, 0.236505016, 52040976, 1, 0.000504287, 1965832, 0.219246078, 48469696, 1, 1, 366, 9, oom, oom, oom, oom, oom, oom, 2.063140784e10, 2.0, 2.0, 1.0, 1.0, 0.403603558, 150343408, 1, 0.000505148, 1966872, 0.386199523, 146771120, 1, 1, 1, 0
$K_{62}$, 8, 12, oom, oom, oom, oom, oom, oom, 1.380128e7, 2.0, 2.0, 64.0, 8.0, 0.064684313, 5462424, 1, 0.000141425, 595840, 0.047261442, 3266584, n/a, n/a, n/a, n/a, 7.3838276e10, 2.0, 2.0, 2.0, 2.0, 2.2866632e7, 2.0, 2.0, 1.0, 0.0, 0.063289601, 5461416, 1, 0.00014933, 594832, 0.046184062, 3266584, n/a, n/a, n/a, n/a
$K_{26}$, 8, 12, oom, oom, oom, oom, oom, oom, 3.3196064e7, 2.0, 2.0, 8.0, 5.0, 0.063637308, 5462376, 1, 0.000147587, 595792, 0.04679824, 3266584, n/a, n/a, n/a, n/a, 1.987650446e11, 2.0, 2.0, 2.0, 2.0, 3.4461944e7, 2.0, 2.0, 2.0, 2.0, 0.065174289, 5461672, 1, 0.000162004, 595104, 0.047657904, 3266568, n/a, n/a, n/a, n/a
$K_{63}$, 9, 18, oom, oom, oom, oom, oom, oom, 1.052925776e9, 2.0, 2.0, 646.0, 9.0, 0.035663356, 7758536, 1, 0.000243016, 1138128, 0.018658945, 5016736, 1, 1, 2, 2, oom, oom, oom, oom, oom, oom, 8.99206328e8, 2.0, 2.0, 1.0, 1.0, 0.036070018, 10087080, 1, 0.000243186, 1138112, 0.019239498, 7345296, 1, 1, 1, 0
$K_{36}$, 9, 18, oom, oom, oom, oom, oom, oom, 1.06193248e9, 2.0, 2.0, 66.0, 7.0, 0.036237791, 8272680, 1, 0.000280897, 1138352, 0.019101085, 5530656, 1, 1, 2, 2, oom, oom, oom, oom, oom, oom, 1.001817768e9, 2.0, 2.0, 2.0, 2.0, 0.036853704, 11659848, 1, 0.000277551, 1138160, 0.020005926, 8918016, 1, 1, 1, 0
$K_{64}$, 10, 24, oom, oom, oom, oom, oom, oom, 1.0767762648e10, 2.0, 2.0, 4671.0, 10.0, 0.189658316, 25230760, 1, 0.000428815, 1888544, 0.172374049, 21736816, 1, 1, 14, 6, oom, oom, oom, oom, oom, oom, 1.2960288528e10, 2.0, 2.0, 1.0, 1.0, 0.189005743, 34209456, 1, 0.000413486, 1888160, 0.171421573, 30715896, 1, 1, 1, 0
$K_{46}$, 10, 24, oom, oom, oom, oom, oom, oom, 8.04820544e9, 2.0, 2.0, 960.0, 9.0, 0.205807119, 32877280, 1, 0.000516449, 1888416, 0.188408908, 29383432, 1, 1, 14, 6, oom, oom, oom, oom, oom, oom, 1.0249944112e10, 2.0, 2.0, 2.0, 2.0, 0.233224853, 60598816, 1, 0.000505409, 1888672, 0.214853372, 57104744, 1, 1, 1, 0
$K_{65}$, 11, 30, oom, oom, oom, oom, oom, oom, oom, oom, oom, oom, oom, oom, 0.310609821, 72337048, 1, 0.000945154, 2875768, 0.292455753, 67853992, 1, 1, 320, 9, oom, oom, oom, oom, oom, oom, oom, oom, oom, oom, oom, oom, 0.322394063, 100095688, 1, 0.000905851, 2876272, 0.304594376, 95612176, 1, 1, 1, 0
