#, instance, dim, nVertices, nFaces, orientable, genus, index, q, F4LvTime, F4LvMemory, F4LvTrials, F4LvTimeA, F4LvMemoryA, F4LvTimeB, F4LvMemory, F4LvmaxLenBefore, F4LvmaxDegBefore, F4LvmaxLenAfter, F4LvmaxDegAfter, F4LvfTime, F4LvfMemory, F4LvfTrials, F4LvfTimeA, F4LvfMemoryA, F4LvfTimeB, F4LvfMemory, F4LvfmaxLenBefore, F4LvfmaxDegBefore, F4LvfmaxLenAfter, F4LvfmaxDegAfter
12, 12_manifold_lex_d2_n7_o1_g1_01.mrdi, 2, 7, 21, 1, 1, 01, 1, 2.013556936, 625669904, 1, 0.491248614, 493275496, 0.113439229, 6345648, n/a, n/a, n/a, n/a, 2.128268547, 633997472, 1, 0.482085038, 492385208, 0.118786301, 6345648, n/a, n/a, n/a, n/a
12, 12_manifold_lex_d2_n7_o1_g1_01.mrdi, 2, 7, 14, 1, 1, 01, 2, 591.6340736, 9468092584, 2, 0.882304957, 895693912, 589.283740672, 8446332392, 6, 3, 524, 15, 86.618303259, 12730110792, 2, 0.887580614, 895728664, 84.212929431, 11700126856, 6, 3, 1, 0
13, 13_manifold_lex_d2_n8_o0_g1_01.mrdi, 2, 8, 21, 0, 1, 01, 1, 2.351407732, 803685712, 2, 0.665674569, 640898448, 0.185206773, 33142488, 2, 2, 40, 7, 2.384612545, 826376672, 2, 0.653339611, 639981744, 0.191058244, 47200648, 2, 2, 1, 0
13, 13_manifold_lex_d2_n8_o0_g1_01.mrdi, 2, 8, 14, 0, 1, 01, 2, 3.793900009, 2645607400, 7, 1.376822283, 1426126328, 0.91789642, 1089830824, 6, 3, 2444, 15, 5.017055427, 4392411256, 7, 1.391881684, 1426064168, 2.134908659, 2828508184, 6, 3, 1, 0
14, 14_manifold_lex_d2_n8_o0_g1_02.mrdi, 2, 8, 21, 0, 1, 02, 1, 2.213451464, 778065024, 2, 0.631487727, 642036120, 0.112876718, 6346336, n/a, n/a, n/a, n/a, 2.27483032, 786184128, 2, 0.636520693, 642030280, 0.113842019, 6346336, n/a, n/a, n/a, n/a
14, 14_manifold_lex_d2_n8_o0_g1_02.mrdi, 2, 8, 14, 0, 1, 02, 2, 10.876283571, 9061063200, 2, 1.440262405, 1428180200, 7.971259112, 7503298768, 6, 3, 13678, 21, 17.364116291, 14575793672, 2, 1.433582585, 1428157368, 14.428685274, 13009798216, 6, 3, 1, 0
15, 15_manifold_lex_d2_n8_o0_g1_03.mrdi, 2, 8, 21, 0, 1, 03, 1, 2.254437774, 777016800, 3, 0.586524759, 641101176, 0.182885711, 6346912, n/a, n/a, n/a, n/a, 2.272812418, 785527232, 3, 0.637239309, 640177496, 0.116036231, 6346336, n/a, n/a, n/a, n/a
15, 15_manifold_lex_d2_n8_o0_g1_03.mrdi, 2, 8, 14, 0, 1, 03, 2, 4.462536812, 3252365072, 2, 1.365950487, 1425907168, 1.610709959, 1695562072, 6, 3, 1840, 15, 6.499625384, 5789050336, 2, 1.366460209, 1425910688, 3.606933294, 4223969704, 6, 3, 1, 0
16, 16_manifold_lex_d2_n8_o0_g1_04.mrdi, 2, 8, 21, 0, 1, 04, 1, 2.770528197, 1312469728, 8, 0.608135402, 641599808, 0.654246078, 539813144, 2, 2, 60, 7, 2.696194549, 1182642680, 8, 0.603996163, 642530592, 0.579021418, 402288288, 2, 2, 1, 0
16, 16_manifold_lex_d2_n8_o0_g1_04.mrdi, 2, 8, 14, 0, 1, 04, 2, 11.352266411, 8374472568, 8, 1.433177637, 1428949216, 8.46787819, 6815852352, 6, 3, 10506, 20, 16.104519443, 12163192720, 8, 1.425038001, 1428915360, 13.166349099, 10596428600, 6, 3, 1, 0
17, 17_manifold_lex_d2_n8_o0_g1_05.mrdi, 2, 8, 21, 0, 1, 05, 1, 2.274596723, 777555632, 3, 0.60343978, 641632520, 0.179386727, 6346912, n/a, n/a, n/a, n/a, 2.236391379, 786092864, 3, 0.582734155, 640705432, 0.11413689, 6346336, n/a, n/a, n/a, n/a
17, 17_manifold_lex_d2_n8_o0_g1_05.mrdi, 2, 8, 14, 0, 1, 05, 2, 9.054311651, 7096293576, 2, 1.434977072, 1427787520, 6.144614816, 5538884384, 6, 3, 7952, 18, 11.572519883, 9050973952, 2, 1.379668124, 1427795120, 8.666402386, 7485454152, 6, 3, 1, 0
18, 18_manifold_lex_d2_n8_o0_g1_06.mrdi, 2, 8, 21, 0, 1, 06, 1, 2.202585055, 778947672, 2, 0.587339084, 641541040, 0.113700271, 6346336, n/a, n/a, n/a, n/a, 2.239430636, 786658136, 2, 0.6353894, 642493456, 0.115903625, 6346336, n/a, n/a, n/a, n/a
18, 18_manifold_lex_d2_n8_o0_g1_06.mrdi, 2, 8, 14, 0, 1, 06, 2, 10.958787734, 7312415392, 2, 1.419818027, 1428763560, 8.059659412, 5754067776, 6, 3, 8256, 19, 16.623949012, 10663080984, 2, 1.364177214, 1427836584, 13.721493594, 9096436616, 6, 3, 1, 0
19, 19_manifold_lex_d2_n8_o0_g1_07.mrdi, 2, 8, 21, 0, 1, 07, 1, 2.208687398, 777588576, 3, 0.6435945, 641576856, 0.117610888, 6346336, n/a, n/a, n/a, n/a, 2.289885731, 785659920, 3, 0.665359015, 641569816, 0.115241151, 6346336, n/a, n/a, n/a, n/a
19, 19_manifold_lex_d2_n8_o0_g1_07.mrdi, 2, 8, 14, 0, 1, 07, 2, 4.602252441, 3254307616, 2, 1.40114462, 1427467296, 1.715401006, 1697158136, 6, 3, 2188, 17, 6.620728714, 5450927400, 2, 1.476315164, 1427487408, 3.641714502, 3885631568, 6, 3, 1, 0
20, 20_manifold_lex_d2_n8_o0_g1_08.mrdi, 2, 8, 21, 0, 1, 08, 1, 2.400583509, 907717368, 8, 0.656127497, 642779488, 0.280967977, 135352272, 2, 2, 32, 8, 2.482449905, 913263024, 8, 0.639328362, 642723424, 0.327774742, 132722696, 2, 2, 1, 0
20, 20_manifold_lex_d2_n8_o0_g1_08.mrdi, 2, 8, 14, 0, 1, 08, 2, 13.29316773, 11302239904, 8, 1.430563949, 1428854464, 10.381217685, 9743709224, 6, 3, 11398, 21, 16.800654986, 13690299944, 8, 1.408236717, 1427945264, 13.856502777, 12123266560, 6, 3, 1, 0
21, 21_manifold_lex_d2_n8_o0_g1_09.mrdi, 2, 8, 21, 0, 1, 09, 1, 2.222184922, 778436672, 1, 0.644199172, 642413016, 0.11482601, 6346336, n/a, n/a, n/a, n/a, 2.289893865, 786595040, 1, 0.649351132, 642395688, 0.115009215, 6346336, n/a, n/a, n/a, n/a
21, 21_manifold_lex_d2_n8_o0_g1_09.mrdi, 2, 8, 14, 0, 1, 09, 2, 26.623805935, 16947435664, 3, 1.440812179, 1429445656, 23.728357044, 15388321824, 6, 3, 22238, 20, 39.644872765, 25245686880, 3, 1.456998405, 1429443928, 36.691340265, 23678426672, 6, 3, 1, 0
22, 22_manifold_lex_d2_n8_o0_g1_10.mrdi, 2, 8, 21, 0, 1, 10, 1, 2.234028842, 777905904, 2, 0.653461426, 641871832, 0.115948308, 6346336, n/a, n/a, n/a, n/a, 2.250644689, 786013408, 2, 0.607393169, 641863752, 0.113934328, 6346336, n/a, n/a, n/a, n/a
22, 22_manifold_lex_d2_n8_o0_g1_10.mrdi, 2, 8, 14, 0, 1, 10, 2, 6.596567059, 5492039872, 1, 1.417121108, 1428844504, 3.70275257, 3933513040, 6, 3, 7268, 18, 9.865627416, 9045249952, 1, 1.379394245, 1428847560, 6.968822665, 7478597312, 6, 3, 1, 0
23, 23_manifold_lex_d2_n8_o0_g1_11.mrdi, 2, 8, 21, 0, 1, 11, 1, 2.190766332, 777144448, 1, 0.578912211, 640030344, 0.114801271, 6346336, n/a, n/a, n/a, n/a, 2.24308871, 785115184, 1, 0.619301829, 640938760, 0.115623173, 6346336, n/a, n/a, n/a, n/a
23, 23_manifold_lex_d2_n8_o0_g1_11.mrdi, 2, 8, 14, 0, 1, 11, 2, 5.352416865, 4449649632, 1, 1.401921406, 1426989328, 2.490924404, 2892960088, 6, 3, 3414, 16, 8.832020107, 9066866392, 1, 1.418323773, 1426973248, 5.889116004, 7502059840, 6, 3, 1, 0
24, 24_manifold_lex_d2_n8_o0_g1_12.mrdi, 2, 8, 21, 0, 1, 12, 1, 2.189677505, 778409232, 1, 0.579362379, 641334920, 0.114609415, 6346336, n/a, n/a, n/a, n/a, 2.3082103, 786445152, 1, 0.682321658, 642261992, 0.120446815, 6346336, n/a, n/a, n/a, n/a
24, 24_manifold_lex_d2_n8_o0_g1_12.mrdi, 2, 8, 14, 0, 1, 12, 2, 16.314241497, 7307454872, 1, 1.430432765, 1429761744, 13.42717397, 5748003712, 6, 3, 18990, 20, 27.050137286, 9571517112, 1, 1.418042487, 1429769440, 24.12684433, 8004007648, 6, 3, 1, 0
25, 25_manifold_lex_d2_n8_o0_g1_13.mrdi, 2, 8, 21, 0, 1, 13, 1, 2.231587044, 779513136, 1, 0.615127519, 642112696, 0.114539898, 6346336, n/a, n/a, n/a, n/a, 2.281984875, 787380304, 1, 0.623578811, 642120168, 0.11878267, 6346336, n/a, n/a, n/a, n/a
25, 25_manifold_lex_d2_n8_o0_g1_13.mrdi, 2, 8, 14, 0, 1, 13, 2, 671.71157704, 29588232056, 1, 1.451993984, 1430637656, 668.800417714, 28027931608, 6, 3, 29282, 19, 206.926758027, 31745995664, 1, 1.417433138, 1430693512, 203.99691706, 30177488784, 6, 3, 1, 0
26, 26_manifold_lex_d2_n8_o0_g1_14.mrdi, 2, 8, 21, 0, 1, 14, 1, 2.27161549, 778808144, 1, 0.654290648, 641599544, 0.117355594, 6346336, n/a, n/a, n/a, n/a, 2.281356947, 786875504, 1, 0.636673087, 641619640, 0.116520476, 6346336, n/a, n/a, n/a, n/a
26, 26_manifold_lex_d2_n8_o0_g1_14.mrdi, 2, 8, 14, 0, 1, 14, 2, 41.37918256, 9567861008, 1, 1.371934639, 1429927592, 38.524060394, 8008285984, 6, 3, 13576, 19, 45.096827501, 13706722808, 1, 1.318513612, 1428918216, 42.22772263, 12138803592, 6, 3, 1, 0
27, 27_manifold_lex_d2_n8_o0_g1_15.mrdi, 2, 8, 21, 0, 1, 15, 1, 2.23532979, 777121168, 1, 0.628026145, 641117336, 0.113845644, 6346336, n/a, n/a, n/a, n/a, 2.261356758, 785312656, 1, 0.650693129, 641151624, 0.113104212, 6346336, n/a, n/a, n/a, n/a
27, 27_manifold_lex_d2_n8_o0_g1_15.mrdi, 2, 8, 14, 0, 1, 15, 2, 5.691806072, 4206225584, 1, 1.410818391, 1427137056, 2.797539023, 2649426936, 6, 3, 7132, 16, 9.859718116, 8152868024, 1, 1.388800166, 1427123488, 6.956252513, 6588020160, 6, 3, 1, 0
28, 28_manifold_lex_d2_n8_o0_g1_16.mrdi, 2, 8, 21, 0, 1, 16, 1, 2.254507869, 777729616, 2, 0.662659841, 641699400, 0.118713969, 6346336, n/a, n/a, n/a, n/a, 2.241823598, 785875360, 2, 0.610089669, 641715912, 0.114895717, 6346336, n/a, n/a, n/a, n/a
28, 28_manifold_lex_d2_n8_o0_g1_16.mrdi, 2, 8, 14, 0, 1, 16, 2, 66.615347944, 14378519960, 7, 1.409949455, 1428397104, 63.729995836, 12820425344, 6, 3, 14366, 17, 58.335003452, 14471057600, 7, 1.4333268, 1428460448, 55.416521537, 12904782264, 6, 3, 1, 0
29, 29_manifold_lex_d2_n8_o0_g2_01.mrdi, 2, 8, 24, 0, 2, 01, 1, 2.379061107, 881173680, 1, 0.737501244, 742602416, 0.144794355, 7520200, n/a, n/a, n/a, n/a, 2.36871943, 888892800, 1, 0.74295063, 743557008, 0.142967466, 7520200, n/a, n/a, n/a, n/a
29, 29_manifold_lex_d2_n8_o0_g2_01.mrdi, 2, 8, 16, 0, 2, 01, 2, oot, oot, oot, oot, oot, oot, oot, oot, oot, oot, oot, 1909.945324217, 138803280552, 8, 1.582579376, 1629306720, 1906.852767421, 137034773616, 6, 3, 1, 0
30, 30_manifold_lex_d2_n8_o0_g2_02.mrdi, 2, 8, 24, 0, 2, 02, 1, 2.384346957, 881615680, 1, 0.749737349, 743249344, 0.141809256, 7520200, n/a, n/a, n/a, n/a, 2.36339148, 889502000, 1, 0.752853153, 744187776, 0.142609874, 7520200, n/a, n/a, n/a, n/a
30, 30_manifold_lex_d2_n8_o0_g2_02.mrdi, 2, 8, 16, 0, 2, 02, 2, 1363.272213845, 58518678656, 18, 1.579249734, 1631558984, 1360.262908859, 56757464368, 6, 3, 91846, 21, oom, oom, oom, oom, oom, oom, oom, oom, oom, oom, oom
31, 31_manifold_lex_d2_n8_o0_g2_03.mrdi, 2, 8, 24, 0, 2, 03, 1, 2.370748993, 881339960, 1, 0.771486905, 744234552, 0.144240352, 7520200, n/a, n/a, n/a, n/a, 2.450870001, 889864696, 1, 0.74176763, 743289480, 0.145869851, 7520200, n/a, n/a, n/a, n/a
31, 31_manifold_lex_d2_n8_o0_g2_03.mrdi, 2, 8, 16, 0, 2, 03, 2, oot, oot, oot, oot, oot, oot, oot, oot, oot, oot, oot, oot, oot, oot, oot, oot, oot, oot, oot, oot, oot, oot
32, 32_manifold_lex_d2_n8_o0_g2_04.mrdi, 2, 8, 24, 0, 2, 04, 1, 2.428180618, 882393712, 2, 0.754696881, 743846624, 0.145654065, 7520200, n/a, n/a, n/a, n/a, 2.65975306, 890140032, 2, 0.871970929, 744785184, 0.155672268, 7520200, n/a, n/a, n/a, n/a
32, 32_manifold_lex_d2_n8_o0_g2_04.mrdi, 2, 8, 16, 0, 2, 04, 2, oot, oot, oot, oot, oot, oot, oot, oot, oot, oot, oot, oot, oot, oot, oot, oot, oot, oot, oot, oot, oot, oot
33, 33_manifold_lex_d2_n8_o0_g2_05.mrdi, 2, 8, 24, 0, 2, 05, 1, 2.406169418, 881392344, 1, 0.776547937, 744175496, 0.146038729, 7520200, n/a, n/a, n/a, n/a, 2.603018817, 889488760, 1, 0.796375551, 744161560, 0.149948699, 7520200, n/a, n/a, n/a, n/a
33, 33_manifold_lex_d2_n8_o0_g2_05.mrdi, 2, 8, 16, 0, 2, 05, 2, oot, oot, oot, oot, oot, oot, oot, oot, oot, oot, oot, oot, oot, oot, oot, oot, oot, oot, oot, oot, oot, oot
34, 34_manifold_lex_d2_n8_o0_g2_06.mrdi, 2, 8, 24, 0, 2, 06, 1, 2.471952421, 879830832, 1, 0.814615292, 742641568, 0.148313002, 7520200, n/a, n/a, n/a, n/a, 2.564554885, 888238544, 1, 0.76946172, 741754416, 0.148626229, 7520200, n/a, n/a, n/a, n/a
34, 34_manifold_lex_d2_n8_o0_g2_06.mrdi, 2, 8, 16, 0, 2, 06, 2, 336.949971484, 43829399744, 3, 1.607313686, 1627826240, 333.839566897, 42071903464, 6, 3, 44726, 19, 2297.550284362, 194138807696, 3, 1.6316854, 1627840464, 2294.392370943, 192373157240, 6, 3, 1, 0
49, 49_manifold_lex_d2_n8_o1_g1_01.mrdi, 2, 8, 24, 1, 1, 01, 1, 2.315408783, 888495488, 2, 0.742367591, 742194736, 0.160187139, 16714328, 2, 2, 6, 3, 2.439976275, 899810936, 2, 0.793711886, 742208080, 0.162896472, 19875904, 2, 2, 1, 0
49, 49_manifold_lex_d2_n8_o1_g1_01.mrdi, 2, 8, 16, 1, 1, 01, 2, 593.839146213, 12102971496, 2, 1.736733106, 1626388544, 590.649121448, 10347009376, 6, 3, 4818, 20, 93.323152476, 16030284872, 2, 1.559728454, 1626413856, 90.250566502, 14266058704, 6, 3, 1, 0
50, 50_manifold_lex_d2_n8_o1_g1_02.mrdi, 2, 8, 24, 1, 1, 02, 1, 2.383286729, 881185920, 1, 0.77774161, 743979248, 0.142167586, 7520200, n/a, n/a, n/a, n/a, 2.456536004, 889284768, 1, 0.804668932, 743953856, 0.14329508, 7520200, n/a, n/a, n/a, n/a
50, 50_manifold_lex_d2_n8_o1_g1_02.mrdi, 2, 8, 16, 1, 1, 02, 2, oot, oot, oot, oot, oot, oot, oot, oot, oot, oot, oot, oot, oot, oot, oot, oot, oot, oot, oot, oot, oot, oot
51, 51_manifold_lex_d2_n8_o1_g1_03.mrdi, 2, 8, 24, 1, 1, 03, 1, 2.368313446, 880350544, 1, 0.746019044, 741779360, 0.140971433, 7520200, n/a, n/a, n/a, n/a, 2.539092604, 888117280, 1, 0.769601518, 741817600, 0.149529628, 7520200, n/a, n/a, n/a, n/a
51, 51_manifold_lex_d2_n8_o1_g1_03.mrdi, 2, 8, 16, 1, 1, 03, 2, 1500.447208131, 40923862640, 6, 1.610319203, 1628058376, 1497.369247274, 39166139872, 6, 3, 17480, 18, 230.223187863, 39447233536, 6, 1.620916069, 1628041000, 227.116417365, 37681383632, 6, 3, 1, 0
52, 52_manifold_lex_d2_n8_o1_g1_04.mrdi, 2, 8, 24, 1, 1, 04, 1, 2.432936965, 880849912, 1, 0.794867293, 743656664, 0.14559997, 7520200, n/a, n/a, n/a, n/a, 2.442234826, 889049272, 1, 0.781479665, 743693848, 0.143663005, 7520200, n/a, n/a, n/a, n/a
52, 52_manifold_lex_d2_n8_o1_g1_04.mrdi, 2, 8, 16, 1, 1, 04, 2, oot, oot, oot, oot, oot, oot, oot, oot, oot, oot, oot, oot, oot, oot, oot, oot, oot, oot, oot, oot, oot, oot
53, 53_manifold_lex_d2_n8_o1_g1_05.mrdi, 2, 8, 24, 1, 1, 05, 1, 2.341421184, 882309224, 3, 0.725072871, 743749640, 0.139885711, 7520200, n/a, n/a, n/a, n/a, 2.371722323, 890334920, 3, 0.71898305, 743791736, 0.139809968, 7520200, n/a, n/a, n/a, n/a
53, 53_manifold_lex_d2_n8_o1_g1_05.mrdi, 2, 8, 16, 1, 1, 05, 2, oot, oot, oot, oot, oot, oot, oot, oot, oot, oot, oot, oot, oot, oot, oot, oot, oot, oot, oot, oot, oot, oot
54, 54_manifold_lex_d2_n8_o1_g1_06.mrdi, 2, 8, 24, 1, 1, 06, 1, 2.383625933, 880641128, 1, 0.717381578, 742383224, 0.184465496, 7520824, n/a, n/a, n/a, n/a, 2.55311862, 888626696, 1, 0.798917436, 743293144, 0.152867325, 7520200, n/a, n/a, n/a, n/a
54, 54_manifold_lex_d2_n8_o1_g1_06.mrdi, 2, 8, 16, 1, 1, 06, 2, 377.986744761, 35788145544, 3, 1.522467549, 1628338896, 374.952216682, 34028758688, 6, 3, 47050, 19, oot, oot, oot, oot, oot, oot, oot, oot, oot, oot, oot
55, 55_manifold_lex_d2_n8_o1_g1_07.mrdi, 2, 8, 24, 1, 1, 07, 1, 2.387645896, 881530680, 1, 0.742918177, 742959384, 0.143984248, 7520200, n/a, n/a, n/a, n/a, 2.550108042, 889269960, 1, 0.765579346, 742990360, 0.150378918, 7520200, n/a, n/a, n/a, n/a
55, 55_manifold_lex_d2_n8_o1_g1_07.mrdi, 2, 8, 16, 1, 1, 07, 2, oom, oom, oom, oom, oom, oom, oom, oom, oom, oom, oom, oom, oom, oom, oom, oom, oom, oom, oom, oom, oom, oom
